# candidate rows proposed by gate-p5; landing them is a reviewed commit act (#6)
Neoverse-V2	share/3x24/neon/Sgemm	ceil8	53.3	SINGLE DRAW from gate-p5 at 119b673 -- NOT landable as-is (§5 rule 16): re-reduce as a median over N archived runs before committing	build/bench-gate-p5-119b673-keel-gvt4-20261005T162530Z-1.txt	2026-10-05	admitted after CEIL_FRACTION's derivation set, so the fleet bar's reference artifact predates this host
Neoverse-V2	share/3x24/neon/Ssyrk	ceil8	57.4	SINGLE DRAW from gate-p5 at 119b673 -- NOT landable as-is (§5 rule 16): re-reduce as a median over N archived runs before committing	build/bench-gate-p5-119b673-keel-gvt4-20261005T162530Z-1.txt	2026-10-05	admitted after CEIL_FRACTION's derivation set, so the fleet bar's reference artifact predates this host
Neoverse-V2	share/3x24/neon/Ssymm	ceil8	53.0	SINGLE DRAW from gate-p5 at 119b673 -- NOT landable as-is (§5 rule 16): re-reduce as a median over N archived runs before committing	build/bench-gate-p5-119b673-keel-gvt4-20261005T162530Z-1.txt	2026-10-05	admitted after CEIL_FRACTION's derivation set, so the fleet bar's reference artifact predates this host
Neoverse-V2	share/3x24/neon/Strsm	ceil8	45.4	SINGLE DRAW from gate-p5 at 119b673 -- NOT landable as-is (§5 rule 16): re-reduce as a median over N archived runs before committing	build/bench-gate-p5-119b673-keel-gvt4-20261005T162530Z-1.txt	2026-10-05	admitted after CEIL_FRACTION's derivation set, so the fleet bar's reference artifact predates this host
Neoverse-V2	rate/Sdot/n=256	ceil8	17.42	net-of-CI lower bound of this run, GFLOP/s; the bar is a RUN whose upper bound falls below this (#56, CI-disjointness)	build/bench-gate-p5-119b673-keel-gvt4-20261005T162530Z-1.txt	2026-10-05	first sight of rate/Sdot/n=256: no row and no witness predating this criterion (#169)
Neoverse-V2	rate/Sdot/n=4096	ceil8	21.17	net-of-CI lower bound of this run, GFLOP/s; the bar is a RUN whose upper bound falls below this (#56, CI-disjointness)	build/bench-gate-p5-119b673-keel-gvt4-20261005T162530Z-1.txt	2026-10-05	first sight of rate/Sdot/n=4096: no row and no witness predating this criterion (#169)
Neoverse-V2	rate/Sdot/n=65536	ceil8	19.35	net-of-CI lower bound of this run, GFLOP/s; the bar is a RUN whose upper bound falls below this (#56, CI-disjointness)	build/bench-gate-p5-119b673-keel-gvt4-20261005T162530Z-1.txt	2026-10-05	first sight of rate/Sdot/n=65536: no row and no witness predating this criterion (#169)
Neoverse-V2	rate/Sdot/n=1048576	ceil8	14.55	net-of-CI lower bound of this run, GFLOP/s; the bar is a RUN whose upper bound falls below this (#56, CI-disjointness)	build/bench-gate-p5-119b673-keel-gvt4-20261005T162530Z-1.txt	2026-10-05	first sight of rate/Sdot/n=1048576: no row and no witness predating this criterion (#169)
Neoverse-V2	rate/Saxpy/n=256	ceil8	9.441	net-of-CI lower bound of this run, GFLOP/s; the bar is a RUN whose upper bound falls below this (#56, CI-disjointness)	build/bench-gate-p5-119b673-keel-gvt4-20261005T162530Z-1.txt	2026-10-05	first sight of rate/Saxpy/n=256: no row and no witness predating this criterion (#169)
Neoverse-V2	rate/Saxpy/n=4096	ceil8	10.53	net-of-CI lower bound of this run, GFLOP/s; the bar is a RUN whose upper bound falls below this (#56, CI-disjointness)	build/bench-gate-p5-119b673-keel-gvt4-20261005T162530Z-1.txt	2026-10-05	first sight of rate/Saxpy/n=4096: no row and no witness predating this criterion (#169)
Neoverse-V2	rate/Saxpy/n=65536	ceil8	10.41	net-of-CI lower bound of this run, GFLOP/s; the bar is a RUN whose upper bound falls below this (#56, CI-disjointness)	build/bench-gate-p5-119b673-keel-gvt4-20261005T162530Z-1.txt	2026-10-05	first sight of rate/Saxpy/n=65536: no row and no witness predating this criterion (#169)
Neoverse-V2	rate/Saxpy/n=1048576	ceil8	10.68	net-of-CI lower bound of this run, GFLOP/s; the bar is a RUN whose upper bound falls below this (#56, CI-disjointness)	build/bench-gate-p5-119b673-keel-gvt4-20261005T162530Z-1.txt	2026-10-05	first sight of rate/Saxpy/n=1048576: no row and no witness predating this criterion (#169)
Neoverse-V2	rate/Sscal/n=256	ceil8	4.814	net-of-CI lower bound of this run, GFLOP/s; the bar is a RUN whose upper bound falls below this (#56, CI-disjointness)	build/bench-gate-p5-119b673-keel-gvt4-20261005T162530Z-1.txt	2026-10-05	first sight of rate/Sscal/n=256: no row and no witness predating this criterion (#169)
Neoverse-V2	rate/Sscal/n=4096	ceil8	5.316	net-of-CI lower bound of this run, GFLOP/s; the bar is a RUN whose upper bound falls below this (#56, CI-disjointness)	build/bench-gate-p5-119b673-keel-gvt4-20261005T162530Z-1.txt	2026-10-05	first sight of rate/Sscal/n=4096: no row and no witness predating this criterion (#169)
Neoverse-V2	rate/Sscal/n=65536	ceil8	5.206	net-of-CI lower bound of this run, GFLOP/s; the bar is a RUN whose upper bound falls below this (#56, CI-disjointness)	build/bench-gate-p5-119b673-keel-gvt4-20261005T162530Z-1.txt	2026-10-05	first sight of rate/Sscal/n=65536: no row and no witness predating this criterion (#169)
Neoverse-V2	rate/Sscal/n=1048576	ceil8	5.36	net-of-CI lower bound of this run, GFLOP/s; the bar is a RUN whose upper bound falls below this (#56, CI-disjointness)	build/bench-gate-p5-119b673-keel-gvt4-20261005T162530Z-1.txt	2026-10-05	first sight of rate/Sscal/n=1048576: no row and no witness predating this criterion (#169)
Neoverse-V2	rate/Sasum/n=256	ceil8	10.43	net-of-CI lower bound of this run, GFLOP/s; the bar is a RUN whose upper bound falls below this (#56, CI-disjointness)	build/bench-gate-p5-119b673-keel-gvt4-20261005T162530Z-1.txt	2026-10-05	first sight of rate/Sasum/n=256: no row and no witness predating this criterion (#169)
Neoverse-V2	rate/Sasum/n=4096	ceil8	14.06	net-of-CI lower bound of this run, GFLOP/s; the bar is a RUN whose upper bound falls below this (#56, CI-disjointness)	build/bench-gate-p5-119b673-keel-gvt4-20261005T162530Z-1.txt	2026-10-05	first sight of rate/Sasum/n=4096: no row and no witness predating this criterion (#169)
Neoverse-V2	rate/Sasum/n=65536	ceil8	14.27	net-of-CI lower bound of this run, GFLOP/s; the bar is a RUN whose upper bound falls below this (#56, CI-disjointness)	build/bench-gate-p5-119b673-keel-gvt4-20261005T162530Z-1.txt	2026-10-05	first sight of rate/Sasum/n=65536: no row and no witness predating this criterion (#169)
Neoverse-V2	rate/Sasum/n=1048576	ceil8	13.3	net-of-CI lower bound of this run, GFLOP/s; the bar is a RUN whose upper bound falls below this (#56, CI-disjointness)	build/bench-gate-p5-119b673-keel-gvt4-20261005T162530Z-1.txt	2026-10-05	first sight of rate/Sasum/n=1048576: no row and no witness predating this criterion (#169)
Neoverse-V2	rate/Snrm2/n=256	ceil8	20.17	net-of-CI lower bound of this run, GFLOP/s; the bar is a RUN whose upper bound falls below this (#56, CI-disjointness)	build/bench-gate-p5-119b673-keel-gvt4-20261005T162530Z-1.txt	2026-10-05	first sight of rate/Snrm2/n=256: no row and no witness predating this criterion (#169)
Neoverse-V2	rate/Snrm2/n=4096	ceil8	35.8	net-of-CI lower bound of this run, GFLOP/s; the bar is a RUN whose upper bound falls below this (#56, CI-disjointness)	build/bench-gate-p5-119b673-keel-gvt4-20261005T162530Z-1.txt	2026-10-05	first sight of rate/Snrm2/n=4096: no row and no witness predating this criterion (#169)
Neoverse-V2	rate/Snrm2/n=65536	ceil8	36.62	net-of-CI lower bound of this run, GFLOP/s; the bar is a RUN whose upper bound falls below this (#56, CI-disjointness)	build/bench-gate-p5-119b673-keel-gvt4-20261005T162530Z-1.txt	2026-10-05	first sight of rate/Snrm2/n=65536: no row and no witness predating this criterion (#169)
Neoverse-V2	rate/Snrm2/n=1048576	ceil8	26.86	net-of-CI lower bound of this run, GFLOP/s; the bar is a RUN whose upper bound falls below this (#56, CI-disjointness)	build/bench-gate-p5-119b673-keel-gvt4-20261005T162530Z-1.txt	2026-10-05	first sight of rate/Snrm2/n=1048576: no row and no witness predating this criterion (#169)
Neoverse-V2	rate/Isamax/n=256	ceil8	2.75018e+09	net-of-CI lower bound of this run, GB/s; the bar is a RUN whose upper bound falls below this (#56, CI-disjointness)	build/bench-gate-p5-119b673-keel-gvt4-20261005T162530Z-1.txt	2026-10-05	first sight of rate/Isamax/n=256: no row and no witness predating this criterion (#169)
Neoverse-V2	rate/Isamax/n=4096	ceil8	2.69201e+09	net-of-CI lower bound of this run, GB/s; the bar is a RUN whose upper bound falls below this (#56, CI-disjointness)	build/bench-gate-p5-119b673-keel-gvt4-20261005T162530Z-1.txt	2026-10-05	first sight of rate/Isamax/n=4096: no row and no witness predating this criterion (#169)
Neoverse-V2	rate/Isamax/n=65536	ceil8	2.6869e+09	net-of-CI lower bound of this run, GB/s; the bar is a RUN whose upper bound falls below this (#56, CI-disjointness)	build/bench-gate-p5-119b673-keel-gvt4-20261005T162530Z-1.txt	2026-10-05	first sight of rate/Isamax/n=65536: no row and no witness predating this criterion (#169)
Neoverse-V2	rate/Isamax/n=1048576	ceil8	2.68531e+09	net-of-CI lower bound of this run, GB/s; the bar is a RUN whose upper bound falls below this (#56, CI-disjointness)	build/bench-gate-p5-119b673-keel-gvt4-20261005T162530Z-1.txt	2026-10-05	first sight of rate/Isamax/n=1048576: no row and no witness predating this criterion (#169)
Neoverse-V1	share/3x24/neon/Sgemm	ceil8	73.5	SINGLE DRAW from gate-p5 at 119b673 -- NOT landable as-is (§5 rule 16): re-reduce as a median over N archived runs before committing	build/bench-gate-p5-119b673-keel-gvt3-20261005T162530Z-2.txt	2026-10-05	admitted after CEIL_FRACTION's derivation set, so the fleet bar's reference artifact predates this host
Neoverse-V1	share/3x24/neon/Ssyrk	ceil8	79.3	SINGLE DRAW from gate-p5 at 119b673 -- NOT landable as-is (§5 rule 16): re-reduce as a median over N archived runs before committing	build/bench-gate-p5-119b673-keel-gvt3-20261005T162530Z-2.txt	2026-10-05	admitted after CEIL_FRACTION's derivation set, so the fleet bar's reference artifact predates this host
Neoverse-V1	share/3x24/neon/Ssymm	ceil8	73.2	SINGLE DRAW from gate-p5 at 119b673 -- NOT landable as-is (§5 rule 16): re-reduce as a median over N archived runs before committing	build/bench-gate-p5-119b673-keel-gvt3-20261005T162530Z-2.txt	2026-10-05	admitted after CEIL_FRACTION's derivation set, so the fleet bar's reference artifact predates this host
Neoverse-V1	share/3x24/neon/Strsm	ceil8	61.2	SINGLE DRAW from gate-p5 at 119b673 -- NOT landable as-is (§5 rule 16): re-reduce as a median over N archived runs before committing	build/bench-gate-p5-119b673-keel-gvt3-20261005T162530Z-2.txt	2026-10-05	admitted after CEIL_FRACTION's derivation set, so the fleet bar's reference artifact predates this host
Neoverse-V1	rate/Sdot/n=256	ceil8	16.38	net-of-CI lower bound of this run, GFLOP/s; the bar is a RUN whose upper bound falls below this (#56, CI-disjointness)	build/bench-gate-p5-119b673-keel-gvt3-20261005T162530Z-2.txt	2026-10-05	first sight of rate/Sdot/n=256: no row and no witness predating this criterion (#169)
Neoverse-V1	rate/Sdot/n=4096	ceil8	20.37	net-of-CI lower bound of this run, GFLOP/s; the bar is a RUN whose upper bound falls below this (#56, CI-disjointness)	build/bench-gate-p5-119b673-keel-gvt3-20261005T162530Z-2.txt	2026-10-05	first sight of rate/Sdot/n=4096: no row and no witness predating this criterion (#169)
Neoverse-V1	rate/Sdot/n=65536	ceil8	17.53	net-of-CI lower bound of this run, GFLOP/s; the bar is a RUN whose upper bound falls below this (#56, CI-disjointness)	build/bench-gate-p5-119b673-keel-gvt3-20261005T162530Z-2.txt	2026-10-05	first sight of rate/Sdot/n=65536: no row and no witness predating this criterion (#169)
Neoverse-V1	rate/Sdot/n=1048576	ceil8	13.23	net-of-CI lower bound of this run, GFLOP/s; the bar is a RUN whose upper bound falls below this (#56, CI-disjointness)	build/bench-gate-p5-119b673-keel-gvt3-20261005T162530Z-2.txt	2026-10-05	first sight of rate/Sdot/n=1048576: no row and no witness predating this criterion (#169)
Neoverse-V1	rate/Saxpy/n=256	ceil8	9.509	net-of-CI lower bound of this run, GFLOP/s; the bar is a RUN whose upper bound falls below this (#56, CI-disjointness)	build/bench-gate-p5-119b673-keel-gvt3-20261005T162530Z-2.txt	2026-10-05	first sight of rate/Saxpy/n=256: no row and no witness predating this criterion (#169)
Neoverse-V1	rate/Saxpy/n=4096	ceil8	10.24	net-of-CI lower bound of this run, GFLOP/s; the bar is a RUN whose upper bound falls below this (#56, CI-disjointness)	build/bench-gate-p5-119b673-keel-gvt3-20261005T162530Z-2.txt	2026-10-05	first sight of rate/Saxpy/n=4096: no row and no witness predating this criterion (#169)
Neoverse-V1	rate/Saxpy/n=65536	ceil8	10.3	net-of-CI lower bound of this run, GFLOP/s; the bar is a RUN whose upper bound falls below this (#56, CI-disjointness)	build/bench-gate-p5-119b673-keel-gvt3-20261005T162530Z-2.txt	2026-10-05	first sight of rate/Saxpy/n=65536: no row and no witness predating this criterion (#169)
Neoverse-V1	rate/Saxpy/n=1048576	ceil8	10.3	net-of-CI lower bound of this run, GFLOP/s; the bar is a RUN whose upper bound falls below this (#56, CI-disjointness)	build/bench-gate-p5-119b673-keel-gvt3-20261005T162530Z-2.txt	2026-10-05	first sight of rate/Saxpy/n=1048576: no row and no witness predating this criterion (#169)
Neoverse-V1	rate/Sscal/n=256	ceil8	4.803	net-of-CI lower bound of this run, GFLOP/s; the bar is a RUN whose upper bound falls below this (#56, CI-disjointness)	build/bench-gate-p5-119b673-keel-gvt3-20261005T162530Z-2.txt	2026-10-05	first sight of rate/Sscal/n=256: no row and no witness predating this criterion (#169)
Neoverse-V1	rate/Sscal/n=4096	ceil8	5.123	net-of-CI lower bound of this run, GFLOP/s; the bar is a RUN whose upper bound falls below this (#56, CI-disjointness)	build/bench-gate-p5-119b673-keel-gvt3-20261005T162530Z-2.txt	2026-10-05	first sight of rate/Sscal/n=4096: no row and no witness predating this criterion (#169)
Neoverse-V1	rate/Sscal/n=65536	ceil8	5.169	net-of-CI lower bound of this run, GFLOP/s; the bar is a RUN whose upper bound falls below this (#56, CI-disjointness)	build/bench-gate-p5-119b673-keel-gvt3-20261005T162530Z-2.txt	2026-10-05	first sight of rate/Sscal/n=65536: no row and no witness predating this criterion (#169)
Neoverse-V1	rate/Sscal/n=1048576	ceil8	5.164	net-of-CI lower bound of this run, GFLOP/s; the bar is a RUN whose upper bound falls below this (#56, CI-disjointness)	build/bench-gate-p5-119b673-keel-gvt3-20261005T162530Z-2.txt	2026-10-05	first sight of rate/Sscal/n=1048576: no row and no witness predating this criterion (#169)
Neoverse-V1	rate/Sasum/n=256	ceil8	9.433	net-of-CI lower bound of this run, GFLOP/s; the bar is a RUN whose upper bound falls below this (#56, CI-disjointness)	build/bench-gate-p5-119b673-keel-gvt3-20261005T162530Z-2.txt	2026-10-05	first sight of rate/Sasum/n=256: no row and no witness predating this criterion (#169)
Neoverse-V1	rate/Sasum/n=4096	ceil8	13.43	net-of-CI lower bound of this run, GFLOP/s; the bar is a RUN whose upper bound falls below this (#56, CI-disjointness)	build/bench-gate-p5-119b673-keel-gvt3-20261005T162530Z-2.txt	2026-10-05	first sight of rate/Sasum/n=4096: no row and no witness predating this criterion (#169)
Neoverse-V1	rate/Sasum/n=65536	ceil8	13.7	net-of-CI lower bound of this run, GFLOP/s; the bar is a RUN whose upper bound falls below this (#56, CI-disjointness)	build/bench-gate-p5-119b673-keel-gvt3-20261005T162530Z-2.txt	2026-10-05	first sight of rate/Sasum/n=65536: no row and no witness predating this criterion (#169)
Neoverse-V1	rate/Sasum/n=1048576	ceil8	13.65	net-of-CI lower bound of this run, GFLOP/s; the bar is a RUN whose upper bound falls below this (#56, CI-disjointness)	build/bench-gate-p5-119b673-keel-gvt3-20261005T162530Z-2.txt	2026-10-05	first sight of rate/Sasum/n=1048576: no row and no witness predating this criterion (#169)
Neoverse-V1	rate/Snrm2/n=256	ceil8	20.13	net-of-CI lower bound of this run, GFLOP/s; the bar is a RUN whose upper bound falls below this (#56, CI-disjointness)	build/bench-gate-p5-119b673-keel-gvt3-20261005T162530Z-2.txt	2026-10-05	first sight of rate/Snrm2/n=256: no row and no witness predating this criterion (#169)
Neoverse-V1	rate/Snrm2/n=4096	ceil8	33.56	net-of-CI lower bound of this run, GFLOP/s; the bar is a RUN whose upper bound falls below this (#56, CI-disjointness)	build/bench-gate-p5-119b673-keel-gvt3-20261005T162530Z-2.txt	2026-10-05	first sight of rate/Snrm2/n=4096: no row and no witness predating this criterion (#169)
Neoverse-V1	rate/Snrm2/n=65536	ceil8	34.47	net-of-CI lower bound of this run, GFLOP/s; the bar is a RUN whose upper bound falls below this (#56, CI-disjointness)	build/bench-gate-p5-119b673-keel-gvt3-20261005T162530Z-2.txt	2026-10-05	first sight of rate/Snrm2/n=65536: no row and no witness predating this criterion (#169)
Neoverse-V1	rate/Snrm2/n=1048576	ceil8	24.92	net-of-CI lower bound of this run, GFLOP/s; the bar is a RUN whose upper bound falls below this (#56, CI-disjointness)	build/bench-gate-p5-119b673-keel-gvt3-20261005T162530Z-2.txt	2026-10-05	first sight of rate/Snrm2/n=1048576: no row and no witness predating this criterion (#169)
Neoverse-V1	rate/Isamax/n=256	ceil8	2.54941e+09	net-of-CI lower bound of this run, GB/s; the bar is a RUN whose upper bound falls below this (#56, CI-disjointness)	build/bench-gate-p5-119b673-keel-gvt3-20261005T162530Z-2.txt	2026-10-05	first sight of rate/Isamax/n=256: no row and no witness predating this criterion (#169)
Neoverse-V1	rate/Isamax/n=4096	ceil8	2.5629e+09	net-of-CI lower bound of this run, GB/s; the bar is a RUN whose upper bound falls below this (#56, CI-disjointness)	build/bench-gate-p5-119b673-keel-gvt3-20261005T162530Z-2.txt	2026-10-05	first sight of rate/Isamax/n=4096: no row and no witness predating this criterion (#169)
Neoverse-V1	rate/Isamax/n=65536	ceil8	2.57406e+09	net-of-CI lower bound of this run, GB/s; the bar is a RUN whose upper bound falls below this (#56, CI-disjointness)	build/bench-gate-p5-119b673-keel-gvt3-20261005T162530Z-2.txt	2026-10-05	first sight of rate/Isamax/n=65536: no row and no witness predating this criterion (#169)
Neoverse-V1	rate/Isamax/n=1048576	ceil8	2.57372e+09	net-of-CI lower bound of this run, GB/s; the bar is a RUN whose upper bound falls below this (#56, CI-disjointness)	build/bench-gate-p5-119b673-keel-gvt3-20261005T162530Z-2.txt	2026-10-05	first sight of rate/Isamax/n=1048576: no row and no witness predating this criterion (#169)
